case,family,corrected,plane,N,f_pos,meanQ_pos,f_strong,Q_p99,Q_max
CC_250_9,CC,False,Bend00,8740,0.6352402745995424,207.10504647286726,0.6125858123569794,368.75231443,376.957703
CC_250_9,CC,False,Bend30,8614,0.7026932899930346,164.49679615543351,0.673206408172742,340.35748138,350.000885
CC_250_9,CC,False,Bend45,8591,0.7244791060412059,145.3941746323957,0.7014317308811547,338.8687321000002,360.093079
CC_250_9,CC,False,Bend60,8614,0.75052240538658,140.18048688068487,0.721848154167634,392.03492069000015,481.191833
CC_250_9,CC,False,Bend90,8740,0.7207093821510298,143.72123241708675,0.6775743707093822,339.14431306000006,351.438354
CC_250_9,CC,False,BendEnd,8740,0.7207093821510298,143.72123241708675,0.6775743707093822,339.14431306000006,351.438354
CC_250_9,CC,False,BendStart,8740,0.6352402745995424,207.10504659422608,0.6125858123569794,368.75231443,376.957703
CC_250_9,CC,False,ConeEnd,8456,0.6650898770104068,157.3109513236426,0.6118732261116367,284.36794735000007,289.804474
CC_250_9,CC,False,GVEnd,8449,0.6667061190673452,180.37505288974097,0.5962835838560776,753.1339823200004,1677.03418
CC_250_9,CC,False,GVEnd z680,33133,0.6576524914737573,187.90988577625336,0.5861527781969638,871.4039916,2644.85449
CC_250_9,CC,False,GVEnd2,8449,0.6458752515090543,93.48806213579665,0.5636169960942123,237.04967544000039,356.45343
CC_250_9,CC,False,GVEnd3,8546,0.6799672361338638,108.12263370985204,0.6372571963491692,258.1299578999999,277.788544
CC_250_9,CC,False,GVEnd4,8620,0.6532482598607888,116.09506514336515,0.5988399071925754,241.5459786999999,251.23317
CC_250_9,CC,False,GVEnd5,8460,0.6433806146572104,137.80820345854252,0.5947990543735224,311.2400997799999,323.100342
CC_250_9,CC,False,GVEnd6,8449,0.6746360516037401,149.890094721017,0.6287134572138715,331.40891088,340.522919
CC_250_9,CC,False,GVStart,36499,0.7902682265267541,2376.437358497996,0.7782952957615277,21765.839727999915,32815.5781
CC_250_9,CC,False,RDTStart,2545,0.05029469548133595,3.364120206353906,0.0,5.0723521804,18.5280647
CC_250_9,CC,True,Bend00,8740,0.6494279176201373,178.04622684516625,0.6209382151029749,292.7005664,297.47049
CC_250_9,CC,True,Bend30,8614,0.6006501044810774,160.5882935481091,0.5581611330392384,254.86390754,261.102753
CC_250_9,CC,True,Bend45,8591,0.6326388080549412,147.72493035654756,0.5875916656966593,268.0165894000001,693.553284
CC_250_9,CC,True,Bend60,8614,0.6930578128627816,138.18187093959938,0.6382632923148364,492.2674931800008,1306.66406
CC_250_9,CC,True,Bend90,8740,0.7322654462242563,110.13574431575293,0.6765446224256293,270.86374719,278.47699
CC_250_9,CC,True,BendEnd,8740,0.7322654462242563,110.13574431575293,0.6765446224256293,270.86374719,278.47699
CC_250_9,CC,True,BendStart,8740,0.6497711670480549,177.96716837448838,0.62116704805492,292.7005664,297.47049
CC_250_9,CC,True,ConeEnd,8456,0.6782166508987701,126.54192546118767,0.6104541154210028,269.9721714,274.662231
CC_250_9,CC,True,GVEnd,8449,0.5623150668718192,276.4819831403323,0.5236122618061309,2240.471748000005,4047.73267
CC_250_9,CC,True,GVEnd z680,33133,0.5586575317659132,250.5814814787914,0.5170675761325567,1180.4835280000002,3677.96289
CC_250_9,CC,True,GVEnd2,8449,0.6752278376139188,99.6387582753518,0.5995975855130785,417.5695470800018,982.48291
CC_250_9,CC,True,GVEnd3,8546,0.7094547156564475,88.83877322894774,0.6498946875731336,250.25124454999997,277.003235
CC_250_9,CC,True,GVEnd4,8620,0.7160092807424594,100.5005469435937,0.6526682134570766,239.0731355,248.044434
CC_250_9,CC,True,GVEnd5,8460,0.6581560283687943,116.21643142203831,0.6105200945626478,226.36155455,235.423004
CC_250_9,CC,True,GVEnd6,8449,0.7019765652739969,123.09653383020775,0.6641022606225588,264.76477012000004,276.544464
CC_250_9,CC,True,GVStart,36499,0.6610592071015644,2531.0900538668084,0.6508671470451245,18863.79258399995,28409.7344
CC_250_9,CC,True,RDTStart,2545,0.06404715127701376,9.512944724022454,0.007072691552062868,17.03405043999996,81.3559723
CC_300_9,CC,False,Bend00,8740,0.6916475972540046,124.0608440697638,0.6553775743707094,212.19671833000007,1673.77466
CC_300_9,CC,False,Bend30,8614,0.7475040631530068,106.95321565677031,0.7167401903877408,520.3755110000174,1489.03394
CC_300_9,CC,False,Bend45,8591,0.7516005121638925,101.62296367591054,0.7123734140379467,569.4205321,1253.81213
CC_300_9,CC,False,Bend60,8614,0.7507545855583934,104.29030870231536,0.6251451126073834,800.2126299600288,2112.67896
CC_300_9,CC,False,Bend90,8740,0.6259725400457666,101.95091301947177,0.5108695652173914,288.58620619000004,365.962311
CC_300_9,CC,False,BendEnd,8740,0.6259725400457666,101.95091301947177,0.5108695652173914,288.58620619000004,365.962311
CC_300_9,CC,False,BendStart,8740,0.6863844393592677,122.1451691472998,0.6505720823798627,208.84839487000002,1673.77466
CC_300_9,CC,False,ConeEnd,8456,0.6453405865657521,82.79850707455223,0.4707899716177862,271.4596591000002,294.989899
CC_300_9,CC,False,GVEnd,8449,0.5745058586815007,361.1030166109472,0.5303586223221683,1830.0141520000006,2973.1958
CC_300_9,CC,False,GVEnd z680,37228,0.5727409476737939,298.5633513620335,0.5333888471043301,1366.001572800003,3606.33936
CC_300_9,CC,False,GVEnd2,8449,0.7687300272221564,85.12017123270229,0.6458752515090543,327.5769576000001,501.301239
CC_300_9,CC,False,GVEnd3,8546,0.754856073016616,97.2120524127218,0.6786800842499415,286.06662589999996,340.983459
CC_300_9,CC,False,GVEnd4,8620,0.7751740139211137,72.70356953060401,0.6919953596287703,212.42890419,230.079636
CC_300_9,CC,False,GVEnd5,8460,0.7392434988179669,92.58117087272502,0.6868794326241134,194.11249999999995,228.449371
CC_300_9,CC,False,GVEnd6,8449,0.7166528583264291,102.46434664873948,0.6830394129482779,173.36524540000016,181.490829
CC_300_9,CC,False,GVStart,36364,0.7583874161258387,2431.878949677704,0.748240017599824,21048.154791000074,33156.1719
CC_300_9,CC,False,RDTStart,2545,0.11355599214145383,14.799208305650168,0.02986247544204322,47.141733211999984,64.7577744
CC_350_8,CC,False,Bend00,8740,0.7580091533180778,102.14483295288346,0.7351258581235698,168.5710387100001,195.008575
CC_350_8,CC,False,Bend30,8614,0.7509867657302066,96.03538457338841,0.7199907127931274,301.79099925,640.598022
CC_350_8,CC,False,Bend45,8591,0.7358863927365848,103.6265125886331,0.6932836689558841,598.1444581000009,1253.59253
CC_350_8,CC,False,Bend60,8614,0.7448339911771534,99.83158695387016,0.6430229858370096,733.04272657,1573.17578
CC_350_8,CC,False,Bend90,8740,0.7556064073226545,67.2632391173262,0.6408466819221968,165.16561603000002,378.734314
CC_350_8,CC,False,BendEnd,8740,0.7556064073226545,67.2632391173262,0.6408466819221968,165.16561603000002,378.734314
CC_350_8,CC,False,BendStart,8740,0.7524027459954233,102.40384341841379,0.7298627002288329,168.5710387100001,195.008575
CC_350_8,CC,False,ConeEnd,8456,0.7524834437086093,66.93041531797738,0.6465231788079471,132.51547560000006,138.083328
CC_350_8,CC,False,GVEnd,8449,0.5556870635578175,640.1340026221301,0.5276364066753462,4479.63726440001,6132.8877
CC_350_8,CC,False,GVEnd z680,42233,0.5238794307768806,562.9912771797864,0.5027821845476287,3370.0089068,5080.88477
CC_350_8,CC,False,GVEnd2,8449,0.6994910640312463,120.6985487555654,0.5913125813705764,494.00850560000043,745.045654
CC_350_8,CC,False,GVEnd3,8546,0.7188158202667915,85.84831863139144,0.6267259536625321,269.6685778999991,301.465637
CC_350_8,CC,False,GVEnd4,8620,0.8404872389791184,76.73997859990075,0.7532482598607889,213.42697011999982,238.000183
CC_350_8,CC,False,GVEnd5,8460,0.7653664302600472,79.49320344286353,0.6944444444444444,213.9848054,269.347748
CC_350_8,CC,False,GVEnd6,8449,0.778198603385016,79.21564522604265,0.7331045094093975,161.64915820000013,170.73848
CC_350_8,CC,False,GVStart,37089,0.7331014586535092,2511.740774188235,0.7241769796974844,21263.289860000015,32480.2969
CC_350_8,CC,False,RDTStart,2545,0.06365422396856582,3.380053696143211,0.0007858546168958742,5.87547836159996,25.0708427
CC_400_6,CC,False,Bend00,8740,0.7389016018306637,154.24471282196393,0.7260869565217392,243.60477364000002,255.027161
CC_400_6,CC,False,Bend30,8614,0.7744369630833526,122.18012062063814,0.7490132342697934,218.4583432,363.128265
CC_400_6,CC,False,Bend45,8591,0.7919916191363054,114.01904192798001,0.7706902572459551,401.98497640000045,803.191772
CC_400_6,CC,False,Bend60,8614,0.8190155560715114,109.0308417698069,0.7948688182029254,512.972349460003,1017.45117
CC_400_6,CC,False,Bend90,8740,0.8236842105263158,82.03817978736353,0.802974828375286,198.35109320000007,206.668228
CC_400_6,CC,False,BendEnd,8740,0.8236842105263158,82.03817978736353,0.802974828375286,198.35109320000007,206.668228
CC_400_6,CC,False,BendStart,8740,0.7389016018306637,154.24471291241994,0.7260869565217392,243.60477949000003,255.027161
CC_400_6,CC,False,ConeEnd,8456,0.765964995269631,92.1422738412736,0.7259933774834437,188.92965130000005,194.055573
CC_400_6,CC,False,GVEnd,8449,0.43555450349153746,1224.6784154606805,0.4224168540655699,6812.715272400015,12896.2646
CC_400_6,CC,False,GVEnd z680,50605,0.4736093271415868,1171.336988722713,0.4628396403517439,5582.4446264,11430.4219
CC_400_6,CC,False,GVEnd2,8449,0.6720321931589537,186.77481309954032,0.63403953130548,789.0672925200014,994.22583
CC_400_6,CC,False,GVEnd3,8546,0.789141118652001,116.42797727354066,0.7137842265387315,286.7856324499999,361.694458
CC_400_6,CC,False,GVEnd4,8620,0.8056844547563805,122.16076942910665,0.7619489559164733,339.19174518999995,360.10611
CC_400_6,CC,False,GVEnd5,8460,0.749290780141844,110.47411618957186,0.7212765957446808,210.76148288,218.006012
CC_400_6,CC,False,GVEnd6,8449,0.776304888152444,132.24292880746253,0.7637590247366552,251.24647332000004,265.956909
CC_400_6,CC,False,GVStart,40921,0.6479069426455853,2875.4647211460106,0.6404046821925173,21397.208980000025,32221.2656
CC_400_6,CC,False,RDTStart,2545,0.0412573673870334,4.259338327810476,0.0007858546168958742,6.232472516399998,29.739706
CC_400_8,CC,False,Bend00,8740,0.8252860411899313,72.16544507701373,0.7684210526315789,410.7290277000055,1674.54822
CC_400_8,CC,False,Bend30,8614,0.7570234501973532,75.18160225325808,0.7216159739958208,369.61423469000465,1019.71783
CC_400_8,CC,False,Bend45,8591,0.7420556396228611,74.04956470873819,0.6954952857641719,432.19640770000024,955.181763
CC_400_8,CC,False,Bend60,8614,0.7742047829115394,73.18747982031819,0.6954957046668214,585.0864249200024,1309.64832
CC_400_8,CC,False,Bend90,8740,0.7640732265446224,50.05328898620589,0.6745995423340961,217.41872170000002,370.059937
CC_400_8,CC,False,BendEnd,8740,0.7640732265446224,50.05328898620589,0.6745995423340961,217.41872170000002,370.059937
CC_400_8,CC,False,BendStart,8740,0.8149885583524027,69.32712349761881,0.7593821510297483,333.3418524700018,1674.54822
CC_400_8,CC,False,ConeEnd,8456,0.7666745506149479,49.44083340756949,0.7038789025543992,148.64218370000006,206.783096
CC_400_8,CC,False,GVEnd,8449,0.40726713220499466,1021.9441655705713,0.3972067700319564,4446.8000772000005,9764.36719
CC_400_8,CC,False,GVEnd z680,53881,0.4385219279523394,1312.3058106060923,0.42855552049887713,6945.424409999945,17174.5742
CC_400_8,CC,False,GVEnd2,8449,0.6259912415670493,141.44258179997294,0.5630252100840336,445.78750504,755.217712
CC_400_8,CC,False,GVEnd3,8546,0.6844137608237773,116.8637266976889,0.6095249239410251,393.98113099999966,489.138855
CC_400_8,CC,False,GVEnd4,8620,0.8194895591647332,74.25052206246541,0.6454756380510441,230.6235324299995,281.378113
CC_400_8,CC,False,GVEnd5,8460,0.826950354609929,55.30374307603373,0.6670212765957447,163.81251475,180.971664
CC_400_8,CC,False,GVEnd6,8449,0.7888507515682329,63.93653856156988,0.7391407267132205,138.96922888000003,153.069824
CC_400_8,CC,False,GVStart,41025,0.6631322364411943,2788.322239255835,0.6562583790371724,21763.29690800001,31566.9004
CC_400_8,CC,False,RDTStart,2545,0.08722986247544204,4.680880553419819,0.0,10.192686228,13.0855503
CC_450_6,CC,False,Bend00,8740,0.8009153318077803,97.14515495508242,0.7723112128146453,214.34691797000005,374.476868
CC_450_6,CC,False,Bend30,8614,0.776758764801486,82.17343793689282,0.7427443696308336,200.1803638500001,209.202515
CC_450_6,CC,False,Bend45,8591,0.7450820626236759,80.78837041415188,0.7005005238039809,201.65699930000005,289.812775
CC_450_6,CC,False,Bend60,8614,0.7365915950777804,82.13528378996632,0.6289760854423032,334.7176374200034,834.876221
CC_450_6,CC,False,Bend90,8740,0.7195652173913043,74.95502536536222,0.6612128146453089,127.12039658000002,181.343918
CC_450_6,CC,False,BendEnd,8740,0.7195652173913043,74.95502536536222,0.6612128146453089,127.12039658000002,181.343918
CC_450_6,CC,False,BendStart,8740,0.8012585812356979,97.08031079709623,0.7724256292906179,214.1143173500003,374.476868
CC_450_6,CC,False,ConeEnd,8456,0.7188978240302744,69.18651473002114,0.6257095553453169,119.07998605,123.690392
CC_450_6,CC,False,GVEnd,8449,0.36572375429044857,2245.60485860037,0.3568469641377678,12510.455480000028,20829.4258
CC_450_6,CC,False,GVEnd z680,56611,0.3468760488244334,3434.8839513068015,0.3352175372277473,17891.84066,42960.1133
CC_450_6,CC,False,GVEnd2,8449,0.5116581844005208,195.47401001232646,0.46419694638418746,824.8751612400002,1446.64575
CC_450_6,CC,False,GVEnd3,8546,0.7857477182307512,90.05642436052331,0.689796395974725,274.45335534999975,402.673401
CC_450_6,CC,False,GVEnd4,8620,0.7095127610208817,70.39592360539262,0.5987238979118329,391.85151472999945,585.960999
CC_450_6,CC,False,GVEnd5,8460,0.7868794326241135,69.57938670544067,0.6702127659574468,176.3555504699999,223.055023
CC_450_6,CC,False,GVEnd6,8449,0.7785536749911232,85.78807063352129,0.7413895135518996,180.09395600000005,201.779938
CC_450_6,CC,False,GVStart,43357,0.637474917545033,2833.711793837511,0.628433701593745,21241.29686400001,31137.9863
CC_450_6,CC,False,RDTStart,2545,0.187426326129666,12.07790230051564,0.0275049115913556,57.91842101599989,289.76413
CC_450_6,CC,True,Bend00,8740,0.8240274599542334,73.72308371311902,0.7254004576659039,444.124847,1551.65906
CC_450_6,CC,True,Bend30,8614,0.7883677733921524,66.84201308017252,0.7237055955421408,535.18706865,1503.95508
CC_450_6,CC,True,Bend45,8591,0.7490396927016645,76.5047225601567,0.6758235362588756,735.5454649000044,1458.44287
CC_450_6,CC,True,Bend60,8614,0.7557464592523798,73.51484623183362,0.697004875783608,677.5251061500002,1067.56506
CC_450_6,CC,True,Bend90,8740,0.7338672768878719,48.56441531571265,0.6717391304347826,120.13892191000049,155.991074
CC_450_6,CC,True,BendEnd,8740,0.7338672768878719,48.56441531571265,0.6717391304347826,120.13892191000049,155.991074
CC_450_6,CC,True,BendStart,8740,0.8216247139588101,73.19440162314321,0.724370709382151,414.1215006900012,1551.65906
CC_450_6,CC,True,ConeEnd,8456,0.6984389782403028,43.29384533258034,0.5894039735099338,69.36597099000001,70.3172607
CC_450_6,CC,True,GVEnd,8449,0.39910048526452835,1192.3205543786294,0.38797490827316844,5715.196520400007,9941.24707
CC_450_6,CC,True,GVEnd z680,56611,0.451149069968734,1614.6675290452777,0.441680945399304,8380.61572200001,17070.9668
CC_450_6,CC,True,GVEnd2,8449,0.603029944372115,201.91464444946124,0.5502426322641732,821.0434326400009,1245.93408
CC_450_6,CC,True,GVEnd3,8546,0.7814182073484671,87.97937261840214,0.6687339106014509,385.92035684999865,610.616394
CC_450_6,CC,True,GVEnd4,8620,0.7812064965197216,66.55792748787916,0.6512761020881671,256.71624091,302.204956
CC_450_6,CC,True,GVEnd5,8460,0.7755319148936171,56.26461527830724,0.6595744680851063,207.30191104,251.091278
CC_450_6,CC,True,GVEnd6,8449,0.8134690495916677,50.696432721170055,0.6893123446561723,142.64994492000002,159.81926
CC_450_6,CC,True,GVStart,43357,0.6589478054293424,2421.8569889084797,0.6509906128191526,18289.516496000026,26360.0059
CC_450_6,CC,True,RDTStart,2545,0.0793713163064833,9.424728501810346,0.01100196463654224,24.157972655999913,63.4238052
CC_450_8,CC,False,Bend00,8740,0.8255148741418764,69.01425253789124,0.6491990846681922,537.381226,1932.22754
CC_450_8,CC,False,Bend30,8614,0.8171581146970048,68.44238585209263,0.6747155792895286,742.5890584800164,2128.20215
CC_450_8,CC,False,Bend45,8591,0.7924572226748924,73.6082098513249,0.689093237108602,629.1145508000002,1598.00745
CC_450_8,CC,False,Bend60,8614,0.7831437195263524,71.00992379853,0.6631065706988624,479.03334680000165,850.344971
CC_450_8,CC,False,Bend90,8740,0.7632723112128147,48.93408421393445,0.6981693363844393,190.03894800000066,248.155273
CC_450_8,CC,False,BendEnd,8740,0.7632723112128147,48.93408421393445,0.6981693363844393,190.03894800000066,248.155273
CC_450_8,CC,False,BendStart,8740,0.8153318077803203,64.36074715975943,0.6389016018306636,460.99897980000105,1932.22754
CC_450_8,CC,False,ConeEnd,8456,0.7582781456953642,43.642815829776524,0.684957426679281,100.14513300000003,153.686844
CC_450_8,CC,False,GVEnd,8449,0.4005207716889573,1514.5010632399992,0.3936560539708841,7584.943882800005,15024.8184
CC_450_8,CC,False,GVEnd z680,63345,0.396605888388981,2566.9285049724626,0.3893914278948615,14475.948011999992,32661.5449
CC_450_8,CC,False,GVEnd2,8449,0.5469286306071725,153.0380856632542,0.4717718073144751,564.2673047200001,1186.62183
CC_450_8,CC,False,GVEnd3,8546,0.6570325298385209,89.69408623102112,0.5164989468757314,439.62197909999907,570.125549
CC_450_8,CC,False,GVEnd4,8620,0.8175174013921114,53.84887468847265,0.5756380510440835,171.81280772999997,194.282654
CC_450_8,CC,False,GVEnd5,8460,0.8552009456264775,58.38166755096274,0.7416075650118203,172.12346202999996,206.285706
CC_450_8,CC,False,GVEnd6,8449,0.8360752751804947,62.88417760934137,0.7415078707539354,199.96763536000012,231.592377
CC_450_8,CC,False,GVStart,44321,0.6185104126711942,2810.270218737718,0.6106586042733693,20765.50272000001,35978.0156
CC_450_8,CC,False,RDTStart,2545,0.09037328094302555,7.1610936387930435,0.005893909626719057,12.67958529999998,61.8180313
CC_500_6,CC,False,Bend00,8740,0.87883295194508,53.43869285546569,0.7302059496567506,394.19022548000027,2084.60547
CC_500_6,CC,False,Bend30,8614,0.7112839563501276,54.685050036756586,0.4804968655676805,543.7733840400182,2087.65283
CC_500_6,CC,False,Bend45,8591,0.717262251193109,58.31113498400328,0.40798510068676525,694.5517033000002,1605.63379
CC_500_6,CC,False,Bend60,8614,0.7458788019503134,57.80995627384802,0.3691664731831902,724.7886348600132,1451.14087
CC_500_6,CC,False,Bend90,8740,0.7282608695652174,32.793027414070444,0.46235697940503434,162.0376463600001,222.375137
CC_500_6,CC,False,BendEnd,8740,0.7282608695652174,32.793027414070444,0.46235697940503434,162.0376463600001,222.375137
CC_500_6,CC,False,BendStart,8740,0.8780320366132723,50.06509102226075,0.727345537757437,311.5882646500041,2084.60547
CC_500_6,CC,False,ConeEnd,8456,0.7158230842005676,30.065715651302366,0.49124881740775783,98.73191074500005,298.529175
CC_500_6,CC,False,GVEnd,8449,0.48869688720558646,1019.461247352971,0.47248195052668956,6740.626976000027,15813.5488
CC_500_6,CC,False,GVEnd z680,52735,0.4382668057267469,5323.454998580792,0.42776144875319994,41599.03269799989,105474.344
CC_500_6,CC,False,GVEnd2,8449,0.5038466090661616,255.9085410601767,0.4747307373653687,1112.0051852000004,1392.85767
CC_500_6,CC,False,GVEnd3,8546,0.5325298385209455,105.01396155642222,0.4238240112333255,344.88206895,393.428711
CC_500_6,CC,False,GVEnd4,8620,0.7302784222737819,52.02364754330776,0.5069605568445475,148.86891865999996,168.453354
CC_500_6,CC,False,GVEnd5,8460,0.8332151300236407,38.52834793092982,0.5900709219858156,101.47989976999999,112.031876
CC_500_6,CC,False,GVEnd6,8449,0.8101550479346669,43.012711827938766,0.6310806012545863,103.83856688000019,120.024292
CC_500_6,CC,False,GVStart,39583,0.6008892706464897,2913.897192539926,0.5929313088952328,21481.175804000002,33302.9609
CC_500_6,CC,False,RDTStart,2545,0.0487229862475442,5.564175312458871,0.0,10.065402227999995,19.9170055
CC_500_8,CC,False,Bend00,8740,0.8898169336384439,58.633596236403086,0.5712814645308925,716.009752220007,2039.88245
CC_500_8,CC,False,Bend30,8614,0.5736011144648248,58.467458932609134,0.3208729974460181,435.7566452700058,1217.85156
CC_500_8,CC,False,Bend45,8591,0.6077290187405424,57.714174150967565,0.3046211151204749,472.71585710000306,1351.58801
CC_500_8,CC,False,Bend60,8614,0.6433712560947296,53.30704701585275,0.2560947295100998,504.40279573000606,1669.53247
CC_500_8,CC,False,Bend90,8740,0.6792906178489703,28.6578281996682,0.26235697940503433,152.6717799600012,222.545746
CC_500_8,CC,False,BendEnd,8740,0.6792906178489703,28.6578281996682,0.26235697940503433,152.6717799600012,222.545746
CC_500_8,CC,False,BendStart,8740,0.88558352402746,55.35273165383625,0.5664759725400458,626.0132881500055,2039.88245
CC_500_8,CC,False,ConeEnd,8456,0.7075449385052034,25.187016310388977,0.4645222327341533,49.64696484000008,56.5736465
CC_500_8,CC,False,GVEnd,8449,0.4078589182151734,2075.496775172504,0.3970884128299207,13364.871184000054,35488.3945
CC_500_8,CC,False,GVEnd z680,47473,0.37591894339940596,8699.057488639895,0.3687780422555979,56831.06970799999,199994.969
CC_500_8,CC,False,GVEnd2,8449,0.4383950763403953,316.180075420743,0.3884483370813114,1448.3499000000002,3778.43994
CC_500_8,CC,False,GVEnd3,8546,0.6095249239410251,93.86386382480431,0.39538965597940556,453.161354449999,1434.59412
CC_500_8,CC,False,GVEnd4,8620,0.7088167053364269,39.20028516037789,0.39477958236658933,194.22308974999982,243.943314
CC_500_8,CC,False,GVEnd5,8460,0.6611111111111111,37.22927319775393,0.43605200945626477,94.06195725799999,116.903114
CC_500_8,CC,False,GVEnd6,8449,0.7881406083560185,28.800734572261305,0.497692034560303,70.015814844,73.5095291
CC_500_8,CC,False,GVStart,31537,0.6545644798173574,2539.4119235659437,0.6472080413482576,19884.188839999984,29890.2676
CC_500_8,CC,False,RDTStart,2545,0.11080550098231827,10.39224044632553,0.023968565815324167,30.660890008,39.361248
CC_500_8,CC,True,Bend00,8740,0.7853546910755149,67.08401129272701,0.2506864988558352,895.8596785200025,2639.8999
CC_500_8,CC,True,Bend30,8614,0.2721151613652194,148.08220948226517,0.1848154167634084,967.7248572400009,2588.44092
CC_500_8,CC,True,Bend45,8591,0.35269468047957164,131.70058586515515,0.24048422768013036,977.6866517000014,2308.16577
CC_500_8,CC,True,Bend60,8614,0.4073601114464825,103.75249401665062,0.237055955421407,817.2920754400008,1942.82544
CC_500_8,CC,True,Bend90,8740,0.5551487414187642,29.343088928494932,0.2543478260869565,110.30972497000005,125.047752
CC_500_8,CC,True,BendEnd,8740,0.5551487414187642,29.343088928494932,0.2543478260869565,110.30972497000005,125.047752
CC_500_8,CC,True,BendStart,8740,0.7853546910755149,60.36942093923146,0.2506864988558352,773.0040346600006,2639.8999
CC_500_8,CC,True,ConeEnd,8456,0.6957190160832545,13.643497463757363,0.14474929044465468,41.72072144500004,44.7026672
CC_500_8,CC,True,GVEnd,8449,0.36051603740087584,1769.244259063769,0.35081074683394486,9290.311326000026,21961.2617
CC_500_8,CC,True,GVEnd z680,47473,0.35643418364122764,7336.611328259499,0.3485770859225244,52463.44797599999,144173.922
CC_500_8,CC,True,GVEnd2,8449,0.4632500887679015,258.3747880508292,0.40987099064978105,1595.584160000005,4827.74658
CC_500_8,CC,True,GVEnd3,8546,0.4846711912005617,79.83196997600696,0.3544348233091505,297.8435379999999,570.894165
CC_500_8,CC,True,GVEnd4,8620,0.7040603248259861,34.477151690970516,0.3817865429234339,151.81593731999953,195.316986
CC_500_8,CC,True,GVEnd5,8460,0.6912529550827423,22.12752442470543,0.2801418439716312,91.44040893399995,134.317261
CC_500_8,CC,True,GVEnd6,8449,0.6759379808261333,13.734716058829465,0.1610841519706474,48.44186008400001,54.857254
CC_500_8,CC,True,GVStart,31537,0.585344198877509,2460.864018555773,0.5761169420046295,16369.416051999999,24087.7031
CC_500_8,CC,True,RDTStart,2545,0.05029469548133595,9.03594196528914,0.00550098231827112,12.074570787999887,77.9392395
CS_250_9,CS,False,Bend00,8740,0.6306636155606408,228.27556066654012,0.6048054919908467,512.3556496400001,842.601196
CS_250_9,CS,False,Bend30,8614,0.728465289064314,172.06561632894406,0.7061759925702346,452.1180667200003,478.869141
CS_250_9,CS,False,Bend45,8591,0.7642882085903853,161.33760484575706,0.7457804679315563,504.02022990000034,1146.4303
CS_250_9,CS,False,Bend60,8614,0.7865103320176456,160.22596399843323,0.689807290457395,632.7318463800029,1340.55591
CS_250_9,CS,False,Bend90,8740,0.7259725400457666,146.9742192535898,0.6665903890160183,386.55870546,396.900879
CS_250_9,CS,False,BendEnd,8740,0.7259725400457666,146.9742192535898,0.6665903890160183,386.55870546,396.900879
CS_250_9,CS,False,BendStart,8740,0.6295194508009153,228.08538938875841,0.6036613272311213,512.09249387,842.601196
CS_250_9,CS,False,ConeEnd,8456,0.6957190160832545,164.94644316378444,0.6374172185430463,347.6637648,350.42511
CS_250_9,CS,False,GVEnd,8449,0.5715469286306072,259.5045737207098,0.5433779145461002,963.0378638400043,1604.57104
CS_250_9,CS,False,GVEnd z680,32314,0.61134492789503,249.9041768435238,0.5828433496317386,895.4356085999962,1375.86682
CS_250_9,CS,False,GVEnd2,8449,0.5516629186886022,135.5292365930977,0.4802935258610486,438.0674732800006,560.803894
CS_250_9,CS,False,GVEnd3,8546,0.6376082377720571,112.72070455568353,0.5396676807863328,433.04638234999993,472.357574
CS_250_9,CS,False,GVEnd4,8620,0.5995359628770301,139.04915837434172,0.5060324825986079,478.8630908799998,512.937927
CS_250_9,CS,False,GVEnd5,8460,0.6404255319148936,149.48931665564874,0.5739952718676123,499.81262934999995,530.116516
CS_250_9,CS,False,GVEnd6,8449,0.6217303822937625,175.08042230812973,0.5730855722570718,531.1616455600001,555.584229
CS_250_9,CS,False,GVStart,36355,0.7990097648191445,2432.560920208034,0.782643377802228,23735.162694,32848.3906
CS_250_9,CS,False,RDTStart,2545,0.04950884086444008,2.456347151770952,0.0,3.3760199699999953,14.2101336
CS_250_9,CS,True,Bend00,8740,0.727345537757437,149.24805511298757,0.706979405034325,252.53164152000002,557.521729
CS_250_9,CS,True,Bend30,8614,0.7348502437891804,132.36324716106665,0.7119804968655676,316.3145904100003,370.393372
CS_250_9,CS,True,Bend45,8591,0.7469444767780236,124.03635740149124,0.7167966476545222,305.9726169,347.530273
CS_250_9,CS,True,Bend60,8614,0.74703970280938,124.3100992708045,0.7076851636870212,354.83128792000036,565.157776
CS_250_9,CS,True,Bend90,8740,0.7022883295194507,123.47699397311696,0.6411899313501144,310.1032499100001,322.445251
CS_250_9,CS,True,BendEnd,8740,0.7022883295194507,123.47699397311696,0.6411899313501144,310.1032499100001,322.445251
CS_250_9,CS,True,BendStart,8740,0.7265446224256293,149.171806066063,0.7064073226544623,252.2783744600003,557.521729
CS_250_9,CS,True,ConeEnd,8456,0.6866130558183539,122.20312910112871,0.6103358561967833,287.1146939,296.061646
CS_250_9,CS,True,GVEnd,8449,0.5398271984850278,227.0123127896102,0.4717718073144751,1042.2777876000043,1695.22266
CS_250_9,CS,True,GVEnd z680,32314,0.5742402673763694,262.7486210577972,0.5084483505601287,1216.0718748999936,2949.50439
CS_250_9,CS,True,GVEnd2,8449,0.5141436856432714,132.76380104547658,0.45484672742336374,599.2291117200002,759.568848
CS_250_9,CS,True,GVEnd3,8546,0.6955300725485607,120.24469021674497,0.6278960917388252,376.1925949499998,511.148041
CS_250_9,CS,True,GVEnd4,8620,0.7560324825986079,121.77064670076624,0.6947795823665893,380.3276787299995,473.653198
CS_250_9,CS,True,GVEnd5,8460,0.7580378250591017,124.58939879155672,0.6888888888888889,290.87238783,337.735992
CS_250_9,CS,True,GVEnd6,8449,0.7618653095040834,115.81610311426942,0.725056219670967,320.38733664000017,356.67749
CS_250_9,CS,True,GVStart,36355,0.6720671159400358,2553.831955509579,0.6621647641314812,19287.7987,24008.3789
CS_250_9,CS,True,RDTStart,2545,0.05579567779960707,3.0800123004457745,0.0011787819253438114,4.257063865599985,37.9903069
CS_300_9,CS,False,Bend00,8740,0.6022883295194508,173.15611499612575,0.5708237986270023,323.60413492000004,334.546204
CS_300_9,CS,False,Bend30,8614,0.6648479219874622,151.49593185096342,0.6130717436730904,477.52000498,1437.15955
CS_300_9,CS,False,Bend45,8591,0.6439296938656733,162.96734567423854,0.6012105692003259,816.8932125,2339.70361
CS_300_9,CS,False,Bend60,8614,0.6675179939633156,164.98676189174753,0.6136521941026236,973.8462941000092,2792.30469
CS_300_9,CS,False,Bend90,8740,0.7096109839816933,112.81446868549803,0.6433638443935927,312.95482352000005,377.631256
CS_300_9,CS,False,BendEnd,8740,0.7096109839816933,112.81446868549803,0.6433638443935927,312.95482352000005,377.631256
CS_300_9,CS,False,BendStart,8740,0.6021739130434782,173.18505784912844,0.5708237986270023,323.60410392,334.546204
CS_300_9,CS,False,ConeEnd,8456,0.6985572374645223,116.95236178891382,0.6229895931882686,219.56673650000005,363.817139
CS_300_9,CS,False,GVEnd,8449,0.5076340395313055,290.98647689391674,0.47544088057758316,1052.6569616000013,2118.19629
CS_300_9,CS,False,GVEnd z680,36409,0.5124007800269165,388.0710508908251,0.48916476695322586,1889.1409387999774,5319.68164
CS_300_9,CS,False,GVEnd2,8449,0.5732039294591076,113.77011280804176,0.4999408213989821,345.55050676,491.63678
CS_300_9,CS,False,GVEnd3,8546,0.6534051018020126,100.91827130225484,0.5714954364615025,252.18162684999933,301.674011
CS_300_9,CS,False,GVEnd4,8620,0.6526682134570766,86.77746227816738,0.5474477958236659,215.22224424999996,224.210098
CS_300_9,CS,False,GVEnd5,8460,0.631323877068558,114.83669946427922,0.5764775413711584,273.75352821999996,285.363342
CS_300_9,CS,False,GVEnd6,8449,0.6233873831222629,122.1522000897944,0.5358030536158125,305.39994508000007,311.116699
CS_300_9,CS,False,GVStart,36328,0.7330158555384276,2587.2752725857813,0.722417969610218,22672.733768000016,32863.8672
CS_300_9,CS,False,RDTStart,2545,0.09587426326129667,10.292876659537912,0.018467583497053044,26.82898384799998,33.2289505
CS_350_8,CS,False,Bend00,8740,0.741533180778032,117.68395742586532,0.7108695652173913,198.86814389000003,205.603363
CS_350_8,CS,False,Bend30,8614,0.7183654515904342,98.86673502684978,0.6834223357325284,196.27045915000005,342.771545
CS_350_8,CS,False,Bend45,8591,0.7218018856943312,104.86630883969926,0.679431963682924,671.2133607000045,1687.74939
CS_350_8,CS,False,Bend60,8614,0.739842117483167,109.30164822024541,0.6541676340840492,908.3884999900039,2556.6875
CS_350_8,CS,False,Bend90,8740,0.7864988558352403,74.45772506146164,0.7019450800915332,170.46790377000002,281.841064
CS_350_8,CS,False,BendEnd,8740,0.7864988558352403,74.45772506146164,0.7019450800915332,170.46790377000002,281.841064
CS_350_8,CS,False,BendStart,8740,0.741533180778032,117.68395744198652,0.7108695652173913,198.86814389000003,205.603363
CS_350_8,CS,False,ConeEnd,8456,0.7457426679280984,85.86458333556834,0.6630794701986755,182.48767600000005,202.638794
CS_350_8,CS,False,GVEnd,8449,0.4097526334477453,880.9428795055109,0.395549769203456,3849.6133500000033,6676.45801
CS_350_8,CS,False,GVEnd z680,42233,0.4948499988160917,1204.658334416178,0.4831056283001444,7018.420686800001,12649.5166
CS_350_8,CS,False,GVEnd2,8449,0.5539117055272813,248.53338013507482,0.482423955497692,1306.4832696000046,1714.52698
CS_350_8,CS,False,GVEnd3,8546,0.7312192838754973,102.01089808608653,0.6565644746080037,321.8085171999999,395.51062
CS_350_8,CS,False,GVEnd4,8620,0.7534802784222738,107.70545031889209,0.6817865429234339,358.091551079999,466.868896
CS_350_8,CS,False,GVEnd5,8460,0.799645390070922,92.9993344021633,0.7657210401891253,245.6452957299999,280.399353
CS_350_8,CS,False,GVEnd6,8449,0.7690850988282637,102.60225892965228,0.7295537933483253,286.2235250800001,335.347473
CS_350_8,CS,False,GVStart,38481,0.7959252618175203,2481.6753854187077,0.7859203243158962,22198.614879999997,31099.7773
CS_350_8,CS,False,RDTStart,2545,0.04793713163064833,2.718714792180574,0.0,3.442838099599998,14.3477383
CS_400_6,CS,False,Bend00,8740,0.7622425629290618,118.01329166017682,0.7433638443935927,256.02607025000003,380.968353
CS_400_6,CS,False,Bend30,8614,0.7181332714186208,107.34803533423924,0.6932899930345948,275.02049585,310.783508
CS_400_6,CS,False,Bend45,8591,0.7096961936910721,106.40420193819014,0.6740775229891747,376.4743135,646.665771
CS_400_6,CS,False,Bend60,8614,0.7181332714186208,117.91317383056047,0.6790109124680752,775.360618350007,1614.36829
CS_400_6,CS,False,Bend90,8740,0.75720823798627,91.35280086840032,0.6812356979405034,210.92291079,224.903442
CS_400_6,CS,False,BendEnd,8740,0.75720823798627,91.35280086840032,0.6812356979405034,210.92291079,224.903442
CS_400_6,CS,False,BendStart,8740,0.7616704805491991,117.97038072026145,0.7429061784897025,255.91783808000014,380.968353
CS_400_6,CS,False,ConeEnd,8456,0.7556764427625354,89.30870538249357,0.723155156102176,159.31368925,166.034485
CS_400_6,CS,False,GVEnd,8449,0.44017043437093145,1582.938328576363,0.4278612853592141,10447.583696000009,33765.9766
CS_400_6,CS,False,GVEnd z680,48967,0.42775746931607,1685.4831761861003,0.4173218698307023,8706.565699999972,51698.5352
CS_400_6,CS,False,GVEnd2,8449,0.5230204757959522,260.1535495267925,0.48171381228547755,1095.4002588000026,4037.01123
CS_400_6,CS,False,GVEnd3,8546,0.7243154692253686,132.6162756712316,0.6290662298151182,460.06022774999974,614.172119
CS_400_6,CS,False,GVEnd4,8620,0.8483758700696056,94.79526664780914,0.7329466357308585,409.85367652999975,468.777832
CS_400_6,CS,False,GVEnd5,8460,0.8015366430260047,84.31177623514891,0.7622931442080378,245.18605986999987,299.739288
CS_400_6,CS,False,GVEnd6,8449,0.8196236240975263,100.06173286992754,0.8057758314593443,226.31205916000005,249.848984
CS_400_6,CS,False,GVStart,40213,0.7120085544475667,2788.152857096726,0.701265759828911,21871.19363199999,27987.1367
CS_400_6,CS,False,RDTStart,2545,0.05776031434184676,4.181446390031972,0.0019646365422396855,5.076634273999973,69.7225266
CS_400_8,CS,False,Bend00,8740,0.7988558352402746,89.02182428975341,0.7475972540045767,307.85943487000145,1437.48364
CS_400_8,CS,False,Bend30,8614,0.7776874854887392,84.0574669871443,0.6765730206640352,540.8024761000028,2166.96338
CS_400_8,CS,False,Bend45,8591,0.7747642882085903,78.4219956239038,0.6225119310906763,572.9208923000018,2065.00562
CS_400_8,CS,False,Bend60,8614,0.7668911074994196,72.01579203234706,0.62595774320873,470.31389466000184,1115.55762
CS_400_8,CS,False,Bend90,8740,0.7767734553775744,46.287650974144675,0.5810068649885584,174.52141595000035,208.859558
CS_400_8,CS,False,BendEnd,8740,0.7767734553775744,46.287650974144675,0.5810068649885584,174.52141595000035,208.859558
CS_400_8,CS,False,BendStart,8740,0.7903890160183067,87.55866434769764,0.740045766590389,287.08243238,1437.48364
CS_400_8,CS,False,ConeEnd,8456,0.7703405865657521,50.12292558564232,0.6479422894985809,139.8787556500003,532.257263
CS_400_8,CS,False,GVEnd,8449,0.40288791572967214,1611.3874297821492,0.3930642679607054,7170.335468800005,25652.4102
CS_400_8,CS,False,GVEnd z680,52425,0.4306342393896042,1448.1530328524818,0.4232713400095374,5444.224904800008,12198.2129
CS_400_8,CS,False,GVEnd2,8449,0.5606580660433187,228.27094388292247,0.4780447390223695,1239.0931200000148,1933.3175
CS_400_8,CS,False,GVEnd3,8546,0.5950152117949918,117.92156571675744,0.44219517903112565,722.7844481499967,1240.61462
CS_400_8,CS,False,GVEnd4,8620,0.7801624129930395,85.69044070322285,0.6140371229698376,364.2353029899995,425.046906
CS_400_8,CS,False,GVEnd5,8460,0.8275413711583924,68.71528302162663,0.7043735224586288,207.62128930999995,235.45343
CS_400_8,CS,False,GVEnd6,8449,0.8208071961178838,74.0538450186666,0.7018582080719612,243.75092352000036,285.432037
CS_400_8,CS,False,GVStart,41137,0.7961688990446557,2521.4779452562534,0.7898728638452002,22133.909979999997,29811.7422
CS_400_8,CS,False,RDTStart,2545,0.0518664047151277,3.821608086709091,0.0,7.011672934799994,20.2436657
CS_450_6,CS,False,Bend00,8740,0.7966819221967963,94.51421225184467,0.7601830663615561,325.65900601000004,1758.71777
CS_450_6,CS,False,Bend30,8614,0.774320872997446,87.1630766331996,0.6458091478987694,651.9195254000059,2220.85352
CS_450_6,CS,False,Bend45,8591,0.7620765917820975,78.38343621350872,0.6304271912466535,556.5644041000043,2008.68872
CS_450_6,CS,False,Bend60,8614,0.7713025307638728,72.2167337702046,0.6066867889482238,538.9661449000005,1090.41516
CS_450_6,CS,False,Bend90,8740,0.7838672768878718,44.89426039920243,0.5472540045766591,171.3528589800001,213.33197
CS_450_6,CS,False,BendEnd,8740,0.7838672768878718,44.89426039920243,0.5472540045766591,171.3528589800001,213.33197
CS_450_6,CS,False,BendStart,8740,0.7842105263157895,91.57722599123835,0.7477116704805492,277.79301312000047,1758.71777
CS_450_6,CS,False,ConeEnd,8456,0.7745979186376537,48.965174115212236,0.6908703878902555,108.08289010000024,245.041779
CS_450_6,CS,False,GVEnd,8449,0.3447745295301219,2328.732326638387,0.33897502663037044,9190.095625200003,24518.5313
CS_450_6,CS,False,GVEnd z680,54433,0.34670144948836185,3227.8071873324297,0.341575882277295,15228.134912000001,42573.4375
CS_450_6,CS,False,GVEnd2,8449,0.39046040951591904,466.2584833161297,0.36051603740087584,1724.2567648000004,6452.43066
CS_450_6,CS,False,GVEnd3,8546,0.5183711677978001,214.22659384206227,0.4576410016381933,735.0953431499988,985.116699
CS_450_6,CS,False,GVEnd4,8620,0.832598607888631,69.87325956120718,0.6004640371229698,331.71935971999864,480.054688
CS_450_6,CS,False,GVEnd5,8460,0.8163120567375887,77.71290930814398,0.6859338061465721,254.38143868,286.990448
CS_450_6,CS,False,GVEnd6,8449,0.8195052668954906,89.11649316984618,0.7806841046277666,270.10796396000006,299.065002
CS_450_6,CS,False,GVStart,41965,0.7660669605623734,2661.8271885708455,0.7553437388299774,22144.414752000008,28224.3574
CS_450_6,CS,False,RDTStart,2545,0.04361493123772102,4.943105961532252,0.0007858546168958742,8.174620247199964,23.7371254
CS_450_6,CS,True,Bend00,8740,0.825858123569794,78.11876345673626,0.7345537757437071,251.53993481000015,275.936981
CS_450_6,CS,True,Bend30,8614,0.798815881123752,76.79157645989304,0.7217320640817274,444.51412897000006,1186.33984
CS_450_6,CS,True,Bend45,8591,0.8248166686066815,79.71804730331316,0.7435688511232685,689.599035500001,1627.48218
CS_450_6,CS,True,Bend60,8614,0.8426979335964708,75.42229005795454,0.7823310889250058,571.1580033200036,1280.71326
CS_450_6,CS,True,Bend90,8740,0.8061784897025172,50.29883722427363,0.769908466819222,84.00895653700005,159.088486
CS_450_6,CS,True,BendEnd,8740,0.8061784897025172,50.29883722427363,0.769908466819222,84.00895653700005,159.088486
CS_450_6,CS,True,BendStart,8740,0.8315789473684211,78.50723941665638,0.7402745995423341,251.53993481000015,275.936981
CS_450_6,CS,True,ConeEnd,8456,0.7479895931882686,49.2163846240861,0.6876773888363292,102.72669805000004,106.206268
CS_450_6,CS,True,GVEnd,8449,0.39211741034441944,1157.627091855332,0.381701976565274,5436.529392400017,11693.4854
CS_450_6,CS,True,GVEnd z680,54433,0.378630610107839,2305.33329987906,0.37192511895357594,10846.01236,15993.2705
CS_450_6,CS,True,GVEnd2,8449,0.49130074565037285,463.4459735158133,0.4669191620310096,2249.941251200003,5934.68213
CS_450_6,CS,True,GVEnd3,8546,0.677743973788907,185.0950352648546,0.6041422887900773,765.7350523999994,1024.73132
CS_450_6,CS,True,GVEnd4,8620,0.760092807424594,102.80417460652924,0.6064965197215777,490.53882186999994,630.546692
CS_450_6,CS,True,GVEnd5,8460,0.8466903073286052,77.81495015877356,0.6760047281323877,269.33774818999996,303.898773
CS_450_6,CS,True,GVEnd6,8449,0.8546573559001065,83.42504796636955,0.7488460172801515,230.20305080000006,253.805328
CS_450_6,CS,True,GVStart,41965,0.6428928869295841,2975.870860180677,0.637960204932682,18339.845760000004,28458.873
CS_450_6,CS,True,RDTStart,2545,0.6695481335952849,0.39257162738387086,0.0,5.624835434799999,11.8509398
CS_450_8,CS,False,Bend00,8740,0.8641876430205949,63.05485626698889,0.6903890160183066,597.9525931000042,1933.42517
CS_450_8,CS,False,Bend30,8614,0.803691664731832,49.94923749925093,0.4813094961690272,616.1478385100029,1879.02356
CS_450_8,CS,False,Bend45,8591,0.6633686416016762,60.210480716810096,0.3784192759864975,751.8271847,2010.82178
CS_450_8,CS,False,Bend60,8614,0.4912932435570002,83.54195424506848,0.311934060831205,832.8747864800121,2272.75
CS_450_8,CS,False,Bend90,8740,0.721395881006865,31.581637851697423,0.29347826086956524,224.1468549000002,438.488098
CS_450_8,CS,False,BendEnd,8740,0.721395881006865,31.581637851697423,0.29347826086956524,224.1468549000002,438.488098
CS_450_8,CS,False,BendStart,8740,0.8602974828375286,58.385958519939834,0.688558352402746,479.5626192900003,1933.42517
CS_450_8,CS,False,ConeEnd,8456,0.711329233680227,36.29188358225894,0.47871333964049195,118.33488975000039,231.466492
CS_450_8,CS,False,GVEnd,8449,0.4344892886732158,1843.09293132736,0.4288081429755001,9827.219258400059,24459.293
CS_450_8,CS,False,GVEnd z680,62617,0.4078604851717585,2809.4277042152853,0.4012488621300925,15933.839935999944,36574.0039
CS_450_8,CS,False,GVEnd2,8449,0.5367499112320985,635.6073004504328,0.4968635341460528,3438.631955200002,15636.5557
CS_450_8,CS,False,GVEnd3,8546,0.512871518839223,122.68624978367507,0.4178563070442312,566.6031187999954,1317.16199
CS_450_8,CS,False,GVEnd4,8620,0.6296983758700696,74.66406836184385,0.4330626450116009,421.01790830999977,605.813538
CS_450_8,CS,False,GVEnd5,8460,0.7947990543735225,43.87029436649062,0.4892434988179669,159.80796775,187.370941
CS_450_8,CS,False,GVEnd6,8449,0.8197419812995621,45.69210453118614,0.5992425139069713,153.75862748000011,176.466553
CS_450_8,CS,False,GVStart,44993,0.6184739848420866,3162.6755776622203,0.6132509501478007,19708.79498000001,25621.0156
CS_450_8,CS,False,RDTStart,2545,0.05893909626719057,2.3805615530524666,0.0,4.1233835224,18.9383926
CS_500_6,CS,False,Bend00,8740,0.8494279176201373,57.99381110910704,0.42276887871853547,747.0978401300056,2664.86743
CS_500_6,CS,False,Bend30,8614,0.4669143255166009,80.47434332161478,0.1691432551660088,867.0020422600015,3072.27539
CS_500_6,CS,False,Bend45,8591,0.49749738098009544,90.13656552187771,0.13188220230473752,1009.3938710000102,2760.07715
CS_500_6,CS,False,Bend60,8614,0.4811934060831205,89.37977685042439,0.15056884142094265,931.61691324,1946.89539
CS_500_6,CS,False,Bend90,8740,0.6052631578947368,22.961310004834008,0.19805491990846683,135.78013868000008,177.722931
CS_500_6,CS,False,BendEnd,8740,0.6052631578947368,22.961310004834008,0.19805491990846683,135.78013868000008,177.722931
CS_500_6,CS,False,BendStart,8740,0.8496567505720823,52.67306070102965,0.4225400457665904,635.5054625400004,2664.86743
CS_500_6,CS,False,ConeEnd,8456,0.7252838221381268,18.70755789977629,0.28938032166508987,46.48925324500002,108.658493
CS_500_6,CS,False,GVEnd,8449,0.43389750266303706,3505.7599876677746,0.4291632145816073,16260.767796000095,23368.0859
CS_500_6,CS,False,GVEnd z680,51277,0.3829202176414377,11044.189548557282,0.3782007527741483,74730.41968399995,250491.109
CS_500_6,CS,False,GVEnd2,8449,0.4910640312463013,595.6652157140948,0.4678660196472955,3509.351532000002,6814.04248
CS_500_6,CS,False,GVEnd3,8546,0.5948981979873625,88.09079642695463,0.4935642405803885,315.4754975499997,433.581604
CS_500_6,CS,False,GVEnd4,8620,0.7206496519721578,36.10665474475758,0.36960556844547565,187.33451228999962,242.626434
CS_500_6,CS,False,GVEnd5,8460,0.7053191489361702,24.917117884847368,0.3229314420803783,83.784357155,96.0784912
CS_500_6,CS,False,GVEnd6,8449,0.8656645756894307,19.696627522466372,0.3051248668481477,79.68249085600007,88.7361755
CS_500_6,CS,False,GVStart,40147,0.506314294966,3607.425394654578,0.4967743542481381,18726.385370000007,30057.418
CS_500_6,CS,False,RDTStart,2545,0.4483300589390963,0.68788317658761,0.0007858546168958742,5.998043556,25.4351749
CS_500_6,CS,True,Bend00,8740,0.8839816933638444,52.388160757846634,0.46212814645308925,603.253784,2761.88379
CS_500_6,CS,True,Bend30,8614,0.4842117483166938,74.40872435272824,0.1644996517297423,910.2521356700123,2994.72656
CS_500_6,CS,True,Bend45,8591,0.4817832615527878,83.73770051402414,0.1757653358165522,1034.687174000003,2857.31812
CS_500_6,CS,True,Bend60,8614,0.4089853726491758,98.31223840873336,0.16624100301834224,992.1977703800092,2758.71899
CS_500_6,CS,True,Bend90,8740,0.5845537757437071,18.732458679494723,0.12208237986270024,144.00618847000013,233.100342
CS_500_6,CS,True,BendEnd,8740,0.5845537757437071,18.732458679494723,0.12208237986270024,144.00618847000013,233.100342
CS_500_6,CS,True,BendStart,8740,0.8864988558352402,46.59401542524233,0.46498855835240277,489.21469523000104,2761.88379
CS_500_6,CS,True,ConeEnd,8456,0.7444418164616841,15.38312379476845,0.1544465468306528,39.60038452500001,41.9059181
CS_500_6,CS,True,GVEnd,8449,0.4117647058823529,2661.4968769378484,0.40265120132560067,12745.650068000012,27099.9297
CS_500_6,CS,True,GVEnd z680,51277,0.4055619478518634,10892.36664609604,0.39967236772822123,84659.37221599984,183723.281
CS_500_6,CS,True,GVEnd2,8449,0.39483962599124156,567.9021185479812,0.3768493312818085,2806.3455268000093,5924.979
CS_500_6,CS,True,GVEnd3,8546,0.5677509946173649,130.5895705076087,0.4737889070910367,763.2862056499987,1532.56213
CS_500_6,CS,True,GVEnd4,8620,0.660092807424594,53.8516343537901,0.47076566125290026,201.71466920999922,254.505142
CS_500_6,CS,True,GVEnd5,8460,0.7796690307328605,49.12707645291688,0.5923167848699764,254.15621763999994,300.398315
CS_500_6,CS,True,GVEnd6,8449,0.7968990413066636,31.684067244172397,0.4656172328086164,109.57807380000003,129.975662
CS_500_6,CS,True,GVStart,40147,0.5965078337111117,3074.8323736196917,0.5918748598899046,18417.843306000002,28921.8242
CS_500_6,CS,True,RDTStart,2545,0.7068762278978389,0.9052254833259116,0.0,4.169600141599993,18.1156979
CS_500_8,CS,False,Bend00,8740,0.5725400457665903,103.67597306514702,0.23546910755148742,935.5474419400002,3121.2085
CS_500_8,CS,False,Bend30,8614,0.3699791037845368,103.2805874288753,0.13396795913628975,1005.8864424000027,2795.66016
CS_500_8,CS,False,Bend45,8591,0.30834594342917004,139.2378219488926,0.15737399604236993,1044.580028,2672.99902
CS_500_8,CS,False,Bend60,8614,0.24773624332482005,183.69759377101767,0.1692593452519155,1106.9093837000098,2635.35889
CS_500_8,CS,False,Bend90,8740,0.3049199084668192,33.65941975100205,0.15148741418764303,155.47570924000019,197.4505
CS_500_8,CS,False,BendEnd,8740,0.3049199084668192,33.65941975100205,0.15148741418764303,155.47570924000019,197.4505
CS_500_8,CS,False,BendStart,8740,0.5725400457665903,93.74068623687761,0.23546910755148742,828.1217717700024,3121.2085
CS_500_8,CS,False,ConeEnd,8456,0.6995033112582781,11.950811094923928,0.12239829706717124,61.09614659500014,87.3372192
CS_500_8,CS,False,GVEnd,8449,0.41886613800449757,2520.3060371282068,0.4118830630843887,15614.27457600001,29675.3672
CS_500_8,CS,False,GVEnd z680,61321,0.42160108282643793,11673.218039949856,0.4153878769100308,78896.30628000009,228267.906
CS_500_8,CS,False,GVEnd2,8449,0.4254941413184992,1001.4885636604579,0.4118830630843887,3904.5826760000014,6097.76465
CS_500_8,CS,False,GVEnd3,8546,0.4494500351041423,229.01054632487524,0.3652000936110461,1287.9560679999993,2798.95166
CS_500_8,CS,False,GVEnd4,8620,0.5482598607888631,50.780015111854695,0.3167053364269142,296.77657004,381.278259
CS_500_8,CS,False,GVEnd5,8460,0.5118203309692672,34.486615799341,0.2674940898345154,159.4995503499999,230.099487
CS_500_8,CS,False,GVEnd6,8449,0.7012664220617825,18.992767177502724,0.20546810273405136,98.12495421600026,126.977089
CS_500_8,CS,False,GVStart,41897,0.5452419027615343,3465.175645344488,0.5343580685967969,18395.518636,25267.4277
CS_500_8,CS,False,RDTStart,2545,0.6322200392927309,0.4383611683776551,0.0,3.7102248391999937,12.1859283
CS_500_8,CS,True,Bend00,8740,0.7255148741418764,72.49952520413763,0.37734553775743707,766.4527969000053,2272.06982
CS_500_8,CS,True,Bend30,8614,0.4035291386115626,88.83627410096263,0.14615741815648944,834.2203573400054,2551.15356
CS_500_8,CS,True,Bend45,8591,0.3954138051449191,113.38178309654884,0.165754859736934,1058.300937,2607.59912
CS_500_8,CS,True,Bend60,8614,0.3546552124448572,121.14014307554783,0.15126538193638264,994.48617651,2464.95581
CS_500_8,CS,True,Bend90,8740,0.46098398169336385,23.34350493318234,0.12837528604118992,173.9167545400001,223.43634
CS_500_8,CS,True,BendEnd,8740,0.46098398169336385,23.34350493318234,0.12837528604118992,173.9167545400001,223.43634
CS_500_8,CS,True,BendStart,8740,0.7255148741418764,68.09433942245902,0.37734553775743707,674.4632275400039,2272.06982
CS_500_8,CS,True,ConeEnd,8456,0.7316698202459792,10.738564487654664,0.11766792809839167,37.85966989000006,40.029068
CS_500_8,CS,True,GVEnd,8449,0.45094093975618416,2997.8854238129584,0.4434844360279323,20128.175604000036,34093.5156
CS_500_8,CS,True,GVEnd z680,61321,0.4316139658518289,8265.095901171122,0.4242918412941733,64125.418740000096,220821.375
CS_500_8,CS,True,GVEnd2,8449,0.5239673334122381,988.2862306330345,0.4931944608829447,5414.855020800001,11905.9961
CS_500_8,CS,True,GVEnd3,8546,0.47320383805289024,124.56281402906693,0.38111397144863096,571.6600097999965,1822.00537
CS_500_8,CS,True,GVEnd4,8620,0.6004640371229698,48.37934702589745,0.3566125290023202,322.5045741699997,570.51886
CS_500_8,CS,True,GVEnd5,8460,0.5981087470449172,30.998256472206865,0.26607565011820333,180.05379834,227.407318
CS_500_8,CS,True,GVEnd6,8449,0.6758196236240975,24.263235969406722,0.28393892768374956,105.27171896000014,123.963348
CS_500_8,CS,True,GVStart,41897,0.5800892665345968,3241.461004886428,0.5747666897391221,18300.202264000025,28183.5156
CS_500_8,CS,True,RDTStart,2545,0.6542239685658153,0.43482828663001977,0.0,4.204953516399997,11.2866507
Straight,ref,False,Bend00,8740,0.2665903890160183,217.51361481033373,0.18581235697940504,933.6301328100055,3388.89624
Straight,ref,False,Bend30,8614,0.1685628047364755,302.5578474604635,0.13048525655908985,1350.0818133,3740.75024
Straight,ref,False,Bend45,8585,0.22574257425742575,270.8152619514399,0.18124635993011065,1390.327635999999,3359.50708
Straight,ref,False,Bend60,8614,0.2569073601114465,240.25626480366304,0.2103552356628744,1188.5827218000013,2758.68823
Straight,ref,False,Bend90,8740,0.24073226544622425,93.33217916986312,0.18249427917620137,315.3124647500019,447.123291
Straight,ref,False,BendEnd,8740,0.24073226544622425,93.33217916986312,0.18249427917620137,315.3124647500019,447.123291
Straight,ref,False,BendStart,8740,0.2665903890160183,190.65731205645795,0.18581235697940504,798.2317018900001,3388.89624
Straight,ref,False,ConeEnd,8456,0.3140964995269631,85.844049478845,0.20399716177861874,511.6470141000003,860.022827
Straight,ref,False,GVEnd,8449,0.017043437093147117,0.03206412596590069,0.0,0.024376308168000054,0.0775867701
Straight,ref,False,GVEnd z680,8449,0.028879157296721504,0.045752158136413944,0.0,0.058468139932000014,0.116682351
Straight,ref,False,GVEnd2,8449,0.0013019292223931827,0.16210928693636362,0.0,-0.12348630056,0.461742908
Straight,ref,False,GVEnd3,8449,0.002840572848857853,0.19596498597129167,0.0,-0.12728695055999872,0.829168141
Straight,ref,False,GVEnd4,8449,0.0024855012427506215,0.1440948315782857,0.0,-0.14076860339999897,0.508445263
Straight,ref,False,GVEnd5,8598,0.0033728774133519423,0.15300495125896554,0.0,-0.11738653888999992,0.465860963
Straight,ref,False,GVEnd6,8602,0.004301325273192281,0.2026816830581081,0.0,-0.15165823580000046,0.846969962
Straight,ref,False,GVStart,8449,0.328086164043082,0.008034891267786205,0.0,0.045902493344000005,0.621832609
Straight,ref,False,RDTStart,8449,0.48348917031601374,0.028309653510547955,0.0,0.13321562904000003,0.671502948
NoGV,ref,False,Bend00,8740,0.7805491990846682,1126.5361287853439,0.7784897025171624,1716.4700474,1753.75244
NoGV,ref,False,Bend30,8614,0.7765265846296726,896.1602446106946,0.7716508010215928,2304.553369500001,2411.37036
NoGV,ref,False,Bend45,8591,0.6645326504481434,867.4135132205189,0.6523105575602375,2198.207347,2310.04785
NoGV,ref,False,Bend60,8614,0.6199210587415834,884.0021610818189,0.612839563501277,2062.024502400003,4714.25439
NoGV,ref,False,Bend90,8740,0.6639588100686499,690.9343205961999,0.6562929061784897,1741.1120468000017,1811.94885
NoGV,ref,False,BendEnd,8740,0.6639588100686499,690.9343205961999,0.6562929061784897,1741.1120468000017,1811.94885
NoGV,ref,False,BendStart,8740,0.7805491990846682,1126.5361282722597,0.7784897025171624,1716.4700942000002,1753.75256
NoGV,ref,False,ConeEnd,8456,0.7706953642384106,515.6782131903174,0.7607615894039735,955.2507477000007,1151.21448
NoGV,ref,False,GVEnd,8449,0.4386317907444668,920.4061453963243,0.41318499230678185,3057.7909156000005,3252.79541
NoGV,ref,False,GVEnd z680,9361,0.49930562974041237,978.7969060660263,0.47388099562012603,3107.658689999999,3342.26929
NoGV,ref,False,GVEnd2,8449,0.530476979524204,834.4814302280098,0.5104746123801633,2726.121602,2879.22412
NoGV,ref,False,GVEnd3,8546,0.6392464310788674,793.5509785363046,0.6273110227006787,2395.6581279999996,2502.58472
NoGV,ref,False,GVEnd4,8620,0.7076566125290024,868.2279682322796,0.7031322505800464,2103.9291903,2175.24512
NoGV,ref,False,GVEnd5,8460,0.7365248226950355,964.1708344317419,0.7322695035460993,1850.3153270999999,1890.03247
NoGV,ref,False,GVEnd6,8449,0.7469523020475796,1045.1658485168475,0.7443484436027932,1612.790946,1631.23608
NoGV,ref,False,GVStart,9361,0.631983762418545,2602.9993794497673,0.6271765836983229,6747.1084,8504.97461
NoGV,ref,False,RDTStart,2545,0.4447937131630648,0.35477041056742536,0.0,3.9688181011999966,10.3214359
